"i","n1","n2","nodes","edges","paths","density","generation","time","bytes","adds","prods","created","equals","leq"
0,0,2,1,0,1,1.0,0,1.8154e-5,1984.0,0,1,5,0,0
1,1,2,3,2,1,1.0,2,0.000102044,13856.0,2,5,12,0,0
2,2,2,11,14,5,1.3636363636363635,6,0.000223772,50304.0,13,6,23,0,0
3,3,2,45,82,625,1.8444444444444446,12,0.019604281,562988.0,83,9,86,0,0
4,4,2,153,331,748077,2.1699346405228757,20,0.040014722,1.82192e6,460,12,416,0,0
5,5,2,428,1015,6085358435,2.3738317757009346,30,117.166696579,8.098608e6,1935,15,1735,0,0
6,3,3,1942,7716,11079088644126,3.973738414006179,31,166.530081959,1.8487932e7,3782,10,3544,0,0
