"i","n1","n2","nodes","edges","paths","density","generation","time","bytes","adds","prods","created","equals","leq"
0,0,2,1,0,1.0,1.0,0,2.314e-5,1408.0,0,1,1,0,0
1,1,2,3,2,1.0,1.0,2,0.000173178,13040.0,2,5,7,0,0
2,2,2,11,14,5.0,1.3636363636363635,6,0.00046137,53856.0,13,6,17,0,0
3,3,2,45,82,625.0,1.8444444444444446,12,0.002875114,494368.0,83,9,79,0,0
4,4,2,153,331,748077.0,2.1699346405228757,20,0.026275136,5.206368e6,460,12,408,0,0
